dataset_id,weight
linear,0.22254567355294613
bifurcating,0.3621476361937742
tree,0.2972634858263362
disconnected,0.11804320442694344
