dataset_id,weight
linear,0.4553285890688042
bifurcating,0.25710943552631493
tree,0.1434236759945985
disconnected,0.1441382994102824
