dataset_id,correlation,F1_branches,geometric_mean,him,time
bifurcating,0.5631,0.3774,0.6097779872504893,0.5567,0.8031081410724084
disconnected,0.8155,0.0978,0.36026548337626374,0.2585,0.8087309789912824
linear,0.91,1,0.8934261340631672,1,0.805197512568381
tree,0.8198,0.1649,0.34775776430257616,0.3247,0.805197512568381
